{
  "name": "jashindice",
  "title": "Jashindice",
  "description": "Jashindice",
  "author": "Xav",
  "version": "1",
  "minimumCoreVersion": "0.10.0",
  "scripts": [
    "scripts/jashindice.json"
  ],
  "dependencies": [
    {
      "name": "dice-so-nice",
      "manifest": "https://gitlab.com/riccisi/foundryvtt-dice-so-nice/-/raw/master/module/module.json"
    }
  ],
  "download": "https://github.com/NikolaTNT/Jashindice/raw/main/module.zip",
  "manifest": "https://raw.githubusercontent.com/NikolaTNT/Jashindice/main/module.json"
}