{
  "name": "JashinDice",
  "id": "jashindice",
  "title": "Jashin Dice",
  "description": "Jashing Dice",
  "version": "1.0.0",
  "author": "Xavinal",
  "authors": [
    {
      "name": "Xavinal"
    }
  ],
  "scripts": [ "scripts/nice-more-dice.json" ],
  "url": "https://github.com/NikolaTNT/Jashindice",
  "manifest": "https://raw.githubusercontent.com/NikolaTNT/Jashindice/main/nice-more-dice/module.json",
  "download": "https://raw.githubusercontent.com/NikolaTNT/Jashindice/main/module.zip",
  "minimumCoreVersion": "0.7.9",
  "compatibleCoreVersion": "10",
  "compatibility": {
    "minimum": "0.7.9",
    "verified": 10,
    "maximum": 10
  }
}